lane,period,term,coefficient,std_error,p_value
cf_statement,2002-2013,aq_cf_statement,1.2119746658214587,1.2085316684745269,0.3159337663738653
cf_statement,2002-2013,aq_over_i,-2.8935174010562807,1.8222406768199146,0.11231125824447875
cf_statement,2002-2013,over_i,-0.07507252123633427,0.05183981193928518,0.1475713420819078
cf_statement,2002-2013,log_assets,0.0013657061722912305,0.0027820183976853975,0.6234937852251288
cf_statement,2002-2013,mtb,0.033532975661573323,0.013226975393410037,0.01123844125726613
cf_statement,2002-2013,tangibility,0.0413678670945324,0.05853078515384266,0.4797087402393785
cf_statement,2002-2013,cfo_sales_statement,0.09879448206773504,0.06272813181710424,0.11526500219425695
cf_statement,2002-2013,loss,0.000740327923701796,0.007046167884864874,0.9163217208040542
