comparison,slope,coefficient_difference,std_error,p_value,n,firms,min_year,max_year
paper_minus_pre,aq,-0.03833637388082694,0.11309301124488085,0.7346240978618311,52309,3580,1987,2024
extension_minus_pre,aq,-0.517244136950095,0.11919962965156132,1.4293082459538111e-05,52309,3580,1987,2024
extension_minus_paper,aq,-0.478907763069268,0.07843644226473016,1.0236435617522466e-09,52309,3580,1987,2024
paper_minus_pre,aq_over_i,-0.3744225077355487,0.1627989606708627,0.021453476036458856,52309,3580,1987,2024
extension_minus_pre,aq_over_i,0.29818284641598314,0.16572086331434127,0.07197000070751747,52309,3580,1987,2024
extension_minus_paper,aq_over_i,0.6726053541515318,0.09434787641558771,1.011058472946457e-12,52309,3580,1987,2024
